Sentence,Category
My profound apologies to Ganga Maa for not being able to perform Aarti today. Wish these people know that a Mother's love is above politics,NAG
I appeal to my Karyakarta sisters & brothers to maintain peace & ensure that people do not face any difficulty,NAG
I am overwhelmed by people's response! I assure them we will repay their affection with unprecedented development,NAG
Concluded the campaign for 2014 Lok Sabha elections with a massive rally in Ballia in UP. I thank people for the wonderful response,NAG
8 months 5800+ rallies Charchas programmes 3 lakh+ KMs an extensive innovative & satisfying journey. My blog http://nm4in/1nslV0s,NAG
There is something in India's soil that makes India special. Our destined role of Jagat Guru calls. Lets create a strong & developed India!,NAG
It is unfortunate that EC is not concerned about the institution's neutrality & that is why our Karyakartas have to embark on a Satyagraha,CAG
Under Atal ji India scripted a new chapter in our history & gave a strong message to the world with the success of the Tests in Pokhran,NAG
At the Rohaniya rally Col Nizamuddin joined us. He is over 100 years old & devoted his life to the nation by joining the Azad Hind Fauj,NAG
Our Scientists are our strength and will help shape our future in this Knowledge Era with both Defence and Civilian Impact,NAG
My greetings to the nation & the scientist community on National Technology Day marking the anniversary of the Pokhran Tests of 1998,NAG
There are people sitting in AC rooms who say we are fatigued due to duration of polls but mood on the ground suggests otherwise,CAG
From tourism to giving better opportunities to Varanasi's weavers there is lots to be done & am sure with our efforts we will succeed,NAG
For me Varanasi election is not only about electing a new MP. I am here to bring a qualitative difference in lives of Varanasi's citizens,NAG
A video was shared in Rohaniya on how Sabarmati's glory is restored. We are committed to do the same with Ganga,NAG
Today was the final round of the Bharat Vijay 3D rallies. In all the rounds I addressed people from over 1300 locations across India,NAG
"As a Party President using terms like ""Unch"" & ""Neech"" does not suit Madam. Is the fear of defeat so much that she has to say such things?",CAG
Despite Congress efforts to bring caste & communal politics in campaign we remained focussed on our agenda of development & good governance,CAG
Kerala Minister who came to meet me was reprimanded. Cong leader wanted Lata ji's Bharat Ratna taken back. This is politics of untouchability,OAG
Tests of 1998 were a victory of technology & the nation's willpower. Our scientists worked very hard to develop Nuclear Programme,NAG
Sharing my last year's Blog that contains portions of Atal ji's historic speech of 1998,NAG
NDA's foreign policy also ensured that those nations opposed to India testing gradually developed strong ties with India in various fields,NAG
From Day 1 Congress' attitude to Elections has been non-serious. They talked about everything apart from core issues & what they did in Govt,CAG
If someone does politics of untouchability it is the Congress & those who made their political careers by following votebank politics,OAG
Mirzapur's brass carpet & handloom industry face many problems & brick kilns are not running. What have UP Govt & Centre done about it?,CAG
I am very happy that the doors of the holy Kedarnath Temple have once again opened for pilgrims. My best wishes to the pilgrims!,NAG
Congress leaders can talk about everything from Modi to the Gujarat model but have they spoken a word on what they have done for Amethi?,CAG
Today I was in UP & Bihar and one has to be there at the rallies to believe the enthusiasm. People are looking to NDA as a ray of hope,NAG
I wish my friends in the Congress who keep abusing Gujarat would have read their own Govt's report that has lauded Gujarat's development,CAG
They looted the nation in the name of the poor but now it is the son of a poor man who is challenging them. They are not able to digest that,OAG
Didi wanted Bangladeshi infiltrators removed in 2005. Now due to votebank politics she supports them. People didn't expect such Poriborton!,CAG
My best wishes to pilgrims from all over India as the Badrinath Temple opens today,NAG
Amethi elected 3 members of 1 family over the years but what did it get? This BJP Charge Sheet tells you just that http://bjp.org/en/media-resou,CAG
I went to Amethi with a message of change. For years 1 family has ruined Amethi. I went to sow seeds of a better future for Amethi,CAG
We admired Didi for the way she fought the Left. People of Bengal expected Poriborton but nothing has changed in last 3 yrs only Didi has,CAG
The Report lauds Guj's land Acquisition & Allocation model as a best practice that can be emulated by other states,NAG
Campaign for 2014 Elections is reaching its final stages but no Congress leader has talked about development issues. Very sad,CAG
Over 6 lakh weavers lost their jobs. A package of Rs 6000 cr was announced but nothing reached the weavers. Its deeply distressing,NAG
Addressed rallies in Kolkata Barasat & Krishnanagar. I have received phenomenal affection from people of Bengal during the entire campaign,NAG
Support NDA for a strong & stable Govt. that will bring an end to votebank politics that has divided our nation http://india272_com/2014/05/04/bha,CAG
Election process has been long but people's excitement is only increasing. Direction of wind is very clear http://india272_com/2014/05/04/3d-,NAG
NDA is firmly committed to creating a Skilled India breaking away from the Scam India under UPA's misrule,OAG
A vote for @smritiirani is a vote for progress. She will do for Amethi in 60 months what they never did all these yrs,CAG
There is no martyrdom in politics. So why should we be martyrs for the sake of SECULARISM? This time we have to vote out of confidence HOPE & self-respect not out of FEAR,NAG
Selfie is in! Share yours using #SelfieWithModi & see what happens https://mosaic_narendramodi_in,NAG
Offered prayers at the Tirumala Temple. I prayed to Lord Venkateswara for the peace & prosperity of our nation,NAG
Congrats to people for joining the festival of democracy in large numbers. Its gladdening to see first time voters voting in large numbers,NAG
India is one. NDA will not work for Hindus or Muslims but for realising the dreams of the people of India http://nm4_in/1i16uZr,NAG
I apologize to people of Gujarat. During the entire campaign I spent only 18 hours campaigning in the state,NAG
Cong is only bothered about power & the chair. A Mother's love is understandable but not at the cost of the nation & people's aspirations,CAG
If Cong thinks they can survive by repeating - promises they are mistaken. People of India have called Cong's bluff & will punish it,OAG
2014 polls are about Seemandhra's future. They have to choose between Seemandhra & Scam Andhra. One wrong choice can impact people's future,CAG
In Tirupati urged people of Seemandhra to bless NDA with a resounding majority in the State Assembly & elect all NDA MPs to Lok Sabha,NAG
Congress SP & BSP are fighting for the chair while we are fighting for your happiness. Divide & rule is their way unite & progress is ours,OAG
Had UPA integrated rivers Seemandhra's farmers would not have suffered. We will fulfil Atal ji's dream of river linking & help farmers,CAG
After 10 years of misgovernance & a certain defeat in 2014 Congress now wants instability which is the last thing India needs today,OAG
PM may have spoken even 1100 times but did he ever talk about how Sonia ji's NAC not Planning Commission mattered more in decision making?,CAG
NDA will devote special attention to Seemandhra's coastline & focus on ports that will become the gateway to India & Seemandhra's progress,NAG
Congress' appetite for corruption is legendary! From the earth seas till the skies they spared nothing! UP will not accept this any longer,OAG
Cong got Lalu ji released from jail but top Cong leaders are avoiding sharing stage with him in rallies. People can see through these games,CAG
2014 polls are a choice between those who want a Scam India & NDA which is working hard to create a Skilled India,CAG
Never imagined such a remarkable response to #SelfieWithModi. A big thanks. Here are some Tweets shared by friends http://nm4_in/1rEihOe,NAG
While I was speaking I could see large number of people gathered at the various locations. I derive lot of strength from their enthusiasm,NAG
Addressed 3D rallies in over 100 places across India. After this round I have addressed 900 3D rallies in the last few weeks,NAG
Joined Bharat Vijay Rallies in Khalilabad Basti Gonda & Balrampur. Despite the scorching heat the rallies witnessed record attendance!,NAG
We are witnessing a phenomenal response to NDA rallies. People have seen through Congress that has always insulted people from this land,CAG
Under @ncbn Hyderabad became globally known for Software industry. The same way NDA is committing to make Seemandhra a Hardware Capital,NAG
India needs a strong Government. Modi does not matter. I can go back & open a tea stall. But the nation can't suffer anymore,NAG
"Rahul Baba says ""27000 crore posts are vacant"" & ""2 out of 1"" children are malnourished in Guj. Only he can explain how this can happen",CAG
By the time campaigning ends I would have addressed 475 mega rallies including 196 Bharat Vijay Rallies across every part of India,NAG
We are secular not because the word was added in our Constitution. Secularism is in our blood. We believe in Sarva Pantha Sambhava,NAG
Who is Mr. Chidambaram trying to protect in Sharda Chit Fund Scam? NDA assures total investigation into the scam where people were cheated,CAG
There is no question of insulting our martyrs who give everything to the nation. I would rather quit politics than insult our martyrs,NAG
Due to communal politics of Abdullah family Kashmiri Pandits were removed from their homes only due to their religion. Is this secularism?,OAG
"Subhas Babu said ""Give me blood I will give you freedom."" I told people ""Give us support we will give Surajya""",NAG
Just for the sake of politics Dr Abdullah's family communalised J&K which is a land of Sufism and harmony http://nm4_in/1iuCZ2M,OAG
By the end of the campaign I would have addressed 1350 3D rallies & joined Chai Pe Charcha that was held across 4000 locations,NAG
Successive Govts ignored jute industry but NDA is firm on reviving the industry just like we revived the textile sector in Gujarat,NAG
India has lost all hope from UPA which can neither inspire nor fulfil aspirations of the youth. UPA's sole aim is to save their chairs,OAG
Mamata Didi is more concerned about her chair than people. She has to realize that she is in power now time of Andolans are long over,OAG
Dr Abdullah's recent statements were hilarious. He showcased his ignorance & tried to hide how his family ruined J&K http://nm4_in/1iuCZ2M,OAG
Congress Ministers from UP are more concerned about appearing on TV even if it means making illogical statements instead of serving people,OAG
Many friends are asking me about the nature & extent of the campaign so far. They want to know how many rallies I have addressed so far,NAG
The way Rahul Baba is making statements with a dash of comedy in them I think the TV show of Kapil Sharma may soon have to shut shop,CAG
People from Bihar Odisha & Marwaris are not welcome for Mamata Didi but those from Bangladesh are. Time to stop such votebank politics,CAG
Congress says a tsunami destroys & Modi talks of tsunami. Yes this is a Tsunami that will destroy corruption price rise & misgovernance,NAG
My coming to Varanasi is like a child going to his Mother. I have come to this divine land on the call of Ganga Mata,NAG
'Jod-tod' politics has ruined our nation. Time has come to vote for a stable Govt that is not dependent on unhealthy politics,NAG
Fear of defeat is visible on Congress & that is why Cong is spreading lies. Madam came to Gujarat but even in land of Bapu she spread lies,CAG
A leader talking about women empowerment has failed to build facilities to educate girls in his own constituency! What can be more ironical,CAG
"""Its a pity some minds can't see beyond balloons & toffees. Today their own Govt has given what they call """"toffee"""" yet another trophy!""",CAG
My message of self assessment & self reliance for nationalist voters and BJP supporters,NAG
UP & Benaras have great potential in tourism but the Samajwadi Party Govt chose to market itself than tourism sector causing damage to UP,OAG
When my party's rule will come this wrong impression will vanish from the mind of our Muslim brothers. Will treat all citizens equally,NAG
I am ruthless when it comes to implementing BJP strategy (excerpts from my @ibnlive interview),NAG
Both the BSP and the BJP have given 17 Dalits tickets in UP. So how is Mayawati ji a champion of Dalits?,CAG
But Now: Mayawati ji ka base khisak raha hai. This is happening for the first time since Kanshi Ram ji in UP: http://tinyurl_com/k2lvzt9,CAG
Whenever the Chinese soldiers want they come and have picnic inside our territory and our government could do nothing,OAG
Will 'PM' Rahul always seek mummy Sonia's advice?,CAG
If BJP is voted to power welfare of people belonging to all religions will be kept in mind,NAG
Is Ram-Rajya a communal term? Disowning our culture to look secular? Is quoting from Tulsidas communal? Such a travesty of tradition!,CAG
Fire in PMO. 45 files vanished in MOEF. CBI closing cases in apparent hurry. Revenge appointments. UPA showing 'scorched earth' nervousness,OAG
Such fertile land of Bihar left barren due to poor cultivation. Pity they just focussed on cultivating castes there,CAG
Mamata didi you talked about the Flower Power in your book. You're right Didi. That flower is the Lotus,NAG
I feel sad at the tragedy of Shri Nitish Kumarji. He failed to gauge the mood of the nation for the lure of an elusive vote-bank,CAG
In Bihar. East & West Champaran. The land of first resistance against injustice. The crowds keen to revolt again,NAG
It is only ironic that on the Press Freedom Day we saw UPA's shameless manipulation of DD by censoring parts of Modiji's interview,OAG
Overwhelming response of people even in the interiors of West Bengal today in my rallies prove that change is imminent,NAG
Collecting voter slips back not allowing rally & arresting party workers. Whatever returning officer does congress is not returning back,OAG
Congress which couldn't tolerate 2nd term of Subhash C Bose is carrying the weight of Soniaji since 16 years as President. What a comedown,OAG
In the case of BJP even intention is worthy of raid. In the case of Rahul commission of wrongdoing is open but eyes and mouths are shut,OAG
He will kill 22000 will abolish NREGA nullify food security. NO control on present Rahul baba derives satisfaction in being astro-baba,OAG
Manish Tewari says he keeps Prasar Bharti at arm's length. Oh really dear. Stretch thy arm no further than thy sleeve will hide,CAG
But the game is not yet over. No room for complacency till the last vote is cast and counted,NAG
The problem with Prasar Bharti is not Manish Tewari's arm's length. It is that he gives no elbow room to Prasar Bharti,CAG
Have these people cared to read the definition of Ram-Rajya given by Tulsidas? It is all-inclusive,NAG
They knew they are losing ground so they got into denial of ground to Modiji's rally in Kashi. Real groundbreaking act Mr RO!,CAG
When Sonia Gandhi accuses Modiji of using money in campaigning I wonder she does it on her own as they say she being sixth richest,CAG
BJP's campaign is a sum of high planning sincere effort intelligent direction skillful execution and strong leadership,NAG
From abuse to excuse bar is further lowered by the embittered antagonists to meet the challenge posed by Lotus force,OAG
As (if) he has no future of his own Rahul baba talks only of what Modiji will do,CAG
21st century belongs to India. Enough of dynastyism casteism and sectarianism,NAG
"Truth had been killed for honour. And Plato said for nothing that ""You should not honour men more than the truth.""",CAG
Need we or can we make elections so alienating so estranging so divorced from the cultural ethos?,CAG
Modiji comes from a state where Gandhiji started making use of cultural terms to make the freedom movement mass-based. Can we disown that?,NAG
RO is only reflecting the pique and peeve of @narendramodi Ji's rivals. EC's helplessness is reflecting the same of the adversaries,CAG
Times I search for words and they are just not there. Killings in Assam is one such occasion. Violence is not the solution certainly not,NAG
Interesting acrobatics. Disallowed then promised to think a week after. Making laughing stock of an institution? Happy World Laughter Day,CAG
Food Security/NREGA is expediency for Congress. For us cultivated in the philosophy of daridra-narayan & antyodaya is an article of faith,OAG
That is why our states like Chattisgarh and MP provide better prototypes of food security,NAG
Of course we will revisit these schemes so that poor are served better. Administrative imagination did not end with the coinage of the two,NAG
Deen Dayal Upadhyay have been our inspirer in these matters. We don't just say God's heart is for poor. We find God in heart of the poor,NAG
Inadequacies in these schemes are manifest. Congress does not have the will make these schemes better,OAG
Rahul says he will kill thousands. Farukh says murderer. Derek says butcher. But ECI does not say a word. A tragedy of speech & silence,OAG
Of the 36 ways of Chinese fighting to run away is considered the best. Don't you believe? Ask AK,CAG
Can a spontaneous encircling of a VIP by the media be termed as a Press Conference? Lexicon will die of exhaustion,CAG
The truth will be out. Modi ji never said Dawood is in Pakistan but the guilty mind could not stop spilling the beans itself,CAG
If a political celebrity comes out of the booth and is surrounded by enthusiasts will it be called a meeting? Did he organize it?,CAG
After Soniaji AK49 invoked God. It's not for nothing his is a B-team. Watch her footsteps you can safely say which way he'll go tomorrow,OAG
I wholly agree with the view of ex-CEC Mr T S Krishnamurthy. By no stretch of imagination it can be termed as campaigning or canvassing,NAG
Why One is singled out for a violation done by all & sundry? Persons in similar circumstances are not receiving similar treatment Umpireji,CAG
Being abusive is indicative of not only an uncultivated mentality but also of a defeated and an utterly frustrated mind,NAG
Selective prosecution is a violation of the constitutional guarantee of equal protection of law. It is a denial of justice,NAG
To end terror is our national duty. Modi ji just referred to the obligation of the Indian mandate and they started squirming in Pakistan,CAG
We are closer to Kashmir than your jugular vein Mr. Sharif. Interfere in our internal matters & have jugular vein compression syndrome,OAG
After this Municipal & Panchayat elections will come. Again Achaar Sanhita. Can a developing nation afford this long & arid regime of MCCs?,NAG
Chidambaram accuses MP & Gujarat of not allowing GST to materialize. Right we're proud of it. It would have been disaster in present form,OAG
I knew that anti-Modi forces are under severe stress seeing the defeat looming large. Now revealing their true colours,CAG
Those barons who think power is their birthright one day get axed out. Happy Parshuram Jayanti,CAG
He is taking on against so many Maharathis. Will not be an Abhimanyu repeat this time. Bharat has learnt from Mahabharat,CAG
This dear friends I say on today's auspicious day. The day when Vedvyas & Lord Ganesh started writing Mahabharat. Happy Akshay Tritya,NAG
Even when the voting got over in my state rigours of a stringent Code continues. Rigours that you do not see even in a developed country,CAG
Time to think whether we need to have a negativistic and anti-development nature of Model Code of Conduct in operation for so long,CAG
Politics of vendetta allowed but naming national security head barred. They say they're monitoring quality of politics in electoral times,CAG
How does UPA think of increasing the tax burden on goods of common use like cloths tea edible oil cycles etc and reducing it on luxuries?,CAG
We are still being told not to call field officers even for development review purposes. Can you afford such a hard-nosed anti-growth bias?,CAG
Democracy is for development and not at the cost of development. People cannot be asked to wait till this grand show is over,CAG
GST cannot be a devious way of making states financial slaves of Centre. States are not subordinate to Centre. They are federation partners,NAG
Basic human and constitutional rights that constitute the foundation for representative government derive their force not from the EC,NAG
How come they impose their appreciation of facts on local authorities making it a mechanical enforced and coloured exercise of power?,CAG
An overly formal and heavy-handed execution of MCC may be self-defeating. What justifies ban on issuing work tenders now?,NAG
How can they be so disrespectful to the constitutional duty of a democratically mandated government in such a crisis?,CAG
Unlike others mission of Indians isn't sponsored by state or institution. It is their brilliance & hard work that make them count anywhere,NAG
Indians everywhere are contributing in rebuilding the world. That Mission and Commission of 'Vasudhev Kutumbakam' continues,NAG
US President Obama worried over the violence in his country against Hindus Muslims and Sikhs. Any consternation out there in ruling UPA?,CAG
Millions thronging the streets of Varanasi. Those who get the certificate from TIME should see what the city of The Timeless is hinting at,CAG
Difference between Narendra Modi and Rahul Gandhi. Modi ji has something to say and Rahul Gandhi has to say something,OAG
So first mother tires out then son huffs and puffs handing over the baton to sister. A relay race competing against one working tirelessly,CAG
Each and every denial of an authentic Modi wave creates further ripples in the minds of people making it stronger,NAG
Is sending someone to Pakistan more derogatory than throwing someone in ocean or in a ditch? Certain silences are more eloquent,CAG
Manmohan ji in Govt & Sonia ji in politics read out their speeches. Why? Because if they speak their mind they would be speechless,OAG
Why did Congress develop a mortal fear of Gujarat. The state had always been a game-changer for the country. Dandi. Sampoorna Kranti & now,NAG
PM Manmohan ji was in office but not in power. Sonia ji and Rahul had authority but no responsibility and no vision,OAG
Unique elections in the history of Indian democracy. Centre stage is overwhelmingly occupied by prime ministerial candidate in opposition,NAG
They say UPA1 is better than UPA2. But UPA1 was the period when major scams took place UPA2 was shameless defence of their public exposure,OAG
Some people talked of intellectual arrogance of a trio in UPA I disagree in fact they humbly allowed being dictated by a 10th pass,CAG
Hindus and Muslims both face hunger poverty corruption inflation lack of immunisation etc. They are one because their problems are one,NAG
PM Dr Manmohan Singh should have been known for his great knowledge of economics unfortunately he is known by the company he keeps,CAG
So Rahul Gandhi changed his political narrative saying 'Chowkidar bhi kabhi kabhi chori kar leta hai'. This much concession for The Family,CAG
Marital is becoming martial. No one cares who marries whom but when marital status starts subverting and milking the system people react,CAG
Ever saw them marching with multitude of this proportion? In a wasteland of seclusion smug about screen presence Modi-baiters losing pulse,CAG
India has been ranked a lowly 94 among 177 countries of the world on the Worldwide Corruption Perception Index 2013 no debate?,CAG
INDIA is home to a quarter of world's hungry. In august company of Ethiopia Congo Chad and Niger. Any time now left to discuss them?,CAG
In Global Hunger Index report 2013 India is put in the alarming category worse than Rwanda Pakistan & Bangladesh. Anyone debating on it?,CAG
Modi wave didn't ensue off BJP. It emerged out of the necessity of Congress to deflect discussion on its dismal & abject non-performance,OAG
For the first time those in power have been so visibly dwarfed and over-topped by the mind-blowing presence of a leader in opposition,CAG
They allowed levels of inflation to be oppressive & back-breaking and they accuse us of crony capitalism,OAG
Show up and Vote. Not only for expressing the right to vote but for expressing your will to live in dignity in a country you make proud,NAG
PM says he spoke a thousand times. Blamed it on media fact is that his words were lost as they were mimed comatose & emulated lifelessly,OAG
There are elements who want to exploit fear psychosis and for this they need to create & deepen it. They're out with their barbs against us,OAG
Otherwise tell me what did Congress do for coolies and tendu leaf pluckers in the last ten years at the behest of Rahul Gandhi,CAG
Will address rally in Lucknow today and engage with voters through 'Maha Janasampark Abhiyan',NAG
People have had enough of unethical compromises and compulsions. Now they want to see politics of commitment. Therefore vote for change,NAG
Vote for one who exerts power for national interest does not shun responsibilities whose authority is writ large on the hearts of people,NAG
He was an echo of 'The Family' not only in deeds but also in words. His mimesis has become a nemesis for the people,CAG
This may be the beginning of a new politics. Indians have seen excess of politics of pressure,CAG
India wants to see a politics of purpose as epitomized by our Prime Ministerial candidate Shri @narendramodi,NAG
Friends hangout with me on G+ tomorrow at 7 pm. To participate submit your questions here: http://google_co_in/elections/ed/i,NAG
UPA may use dirty tricks to delay Modi Ji's plane but they cannot stop his victory run. EC must enquire into this incident and take action,CAG
The moot question for today is that can someone in the name of expressing his opinion appeal voters to cast en-masse vote on religious lines,CAG
Sonia Ji's meeting with Shahi Imam of Jama Masjid is a clear indication of Congress mentality which treats minorities only as a votebank,OAG
Rahul Gandhi talks of a regime of rights but declined giving any right to their Prime Minister,OAG
Who is honest and who is corrupt who is efficient and who is callous who delivers and who makes only - promises Is it not apparent,CAG
Remembering Shaheed Mangal Pandey India's first independence warrior on his martyrdom day,NAG
When Rahul Gandhi tore the copy of Ordinance he actually tore the institution of Prime Minister of India,OAG
There are reasons to believe that Manmohan Singh was not by nature silent he was asked to keep mum,CAG
Remembering martyrs of Jallianwala Bagh massacre. Let's not forget the supreme sacrifice of innocent Indians on this day,NAG
Elections have to be fought on issues of development which concern common people not on the basis of religious affiliations,NAG
Indians cannot be divided on the basis of religion caste race or creed.Every Indian is a free citizen of the country first,NAG
Paying homage to the most valiant sons of Mother India - Shaheed Bhagat Singh Shaheed Rajguru & Shaheed Sukhdev on their martyrdom day,NAG
I have always maintained that present format of IPL is detrimental to Indian Cricket and spirit of sports. My apprehensions are coming true,OAG
Wishing Team India all the very best bring home the glory,NAG
Strongly deplore the statements made by senior SP leaders. Ballots will reflect public anger on this irresponsible attitude towards women,CAG
Congress leadership's undue interference resulted in failure of Dr Manmohan Singh inspite of being a renowned and accomplished economist,CAG
Paying warm tribute to nation's founding father the architect of our constitution Dr B R Ambedkar on his birth anniversary,NAG
Our armed forces should be kept out of communal politics at any cost. Any inimical attempt to do so should face prosecution,NAG
Appalled by desperate attempts to communalize elections. India needs growth jobs security infrastructure and justice for all Indians,CAG
The UPA govt has found a unique way to suppress supporters of NDA by launching CBI inquires against them,CAG
Paying rich tribute to the great visionary and freedom fighter 'Veer' Vinayak Damodar Savarkar on his death anniversary,NAG
If Mahatama Gandhi is the Father of the nation Bhagat Singh should be known as Son of the nation. My Salutes to the great man,NAG
Shaheed Bhagat the master that I follow the reason why I played cricket,NAG
People who change the party for their own benefits they can't be loyal to any party,NAG
Best Wishes for Holi festival a day to celebrate multicolour event to live together by honouring all religions languages & traditions,NAG
Modi should make it clear with facts; how the Govt wants a 'Pink Revolution' this is coined simply to arouse the Hindu feelings,CAG
My tribute to the noted author journalist PadmaBhushan Khushwant Singh. His contribution in literature will always be remembered. RIP,NAG
Maximum EVM rigging is in 28 seats. But Namo tsunami will provide sufficient reserve and cushion,CAG
The real anger of the fashionable secularists about murti puja is that Muslims don't like idol worship,OAG
"In Indian Candidate Hindu Right Sees a Reawakening http://nyti_ms/1g8rRcM. As Americans say: ""The chickens are coming home to roost""",CAG
Sacred thread is not exclusive to Brahmins,NAG
Lord Shiva will bless you for the coming Hindu renaissance,NAG
That is where I sent Hedge with my court cases - to the toilet. 18 hours before he died he called me and apologised for it,OAG
It will be investigated and prosecuted to finality. Nobody in a democracy can kill and be allowed to get away,NAG
In TN the goldsmith caste have sacred thread. I don't because I am a karma yogi. When necessary I will put it on,NAG
"I wrote in The Hindu on how to fight against a defamation case. When through with this rascal I shall write on ""How to file.""",CAG
My perspective has always been clear--when Minister work for good governance and when outside fight corruption,NAG
If no EVM fraud then NDA will get 320 seats. Fraud could be possible only in Congi ruled states. We are working to minimise it,CAG
"Has Mamata chickened out on the defamation case? Afraid of being ""butchered""?",CAG
"Those ""Indian"" intellectuals who want security for Muslims I say that means Gujarat model--a state where no anti- Muslim riots for 12 years",NAG
Amartya Sen not 'Indian in proper sense' says Subramanian Swamy,CAG
Are Congis happy that Modi is Fascist as they allege? After all TDK parents were members of the Nazi and Fascist party,OAG
If you find it scary you cannot be a Namo supporter,NAG
No apology No Harvard. May be Amartya Sen may apply for political asylum in US after Namo's swearing in as PM,CAG
What is the deal between Arnab Goswami and Modi?,CAG
Does Arnab have guts to ask for Modi's resignation on snoopgate?,CAG
Delhi HC finds Cong BJP guilty of foreign funding. Home ministry had defended both the parties,CAG
"Paranjoy Guha Thakurta and others have written a book ""Gas Wars"" exposing crony capitalism of Ambanis",OAG
What does a common man want? An honest livelihood and a happy family. Thats all,NAG
I heard Gujarat Govt has removed all economic data from its website. Why? To avoid scrutiny?,CAG
EC banned telecast of BJP manifesto today due to elections. Still many channels did it. Why?,CAG
These people r scared of me not becoz I am Arvind Kejriwal but becoz I am one of u. They r scared of u not me,NAG
Will Arnab disclose the amount of advertising money in white and black that Times Now has recd from Modi?,CAG
I am just thinking - why am i being repeatedly attacked? Who r the masterminds? What do they want? What do they achieve?,CAG
Does Arnab Goswami have the guts to ask Modi on how much money is Modi spending on hoardings tv radio newspapers?,CAG
Ambanis hv issued a Rs 100 crore notice against them. Paranjoy da it is not ur fight. It is our collective fight. We r all wid u,NAG
Ambanis r threatening everyone with notices whoever dares to expose their misdeeds. Many people in media have also got notices,OAG
To achieve that I will fight against the most powerful richest and most corrupt people. But i can't fight alone. We will fight together,NAG
Is violence an answer to country's problems? let them tell me place n time. I will come there. Let them beat me as much as they want,NAG
Someone hit me hard on my neck jst now. This kind of violent reaction is expected of them. It only shows their true character n desperation,CAG
If policies of a country are driven by crony-capitalism it increases risk for foreign investors - http://bit.ly/1hSECmb,CAG
I pray to God that some day I will be able to convince u that i am working only for the country and have no selfish motives,NAG
If we ever become violent the movement wud be finished. So pl pl pl in future if anyone hits us including me we shud be nice to him,NAG
I sincerely hope that some day i will be able to remove all ill feelings that u have against me,NAG
I am deeply hurt by the reaction of our supporters. If we also react violently then what is the difference betn them n us?,NAG
There are many more truths about Modi ji's development. But the question is - which media house wud show that?,CAG
Friends. This is decisive battle against corruption. All right thinking and patriotic people shud come together,NAG
I urge all volunteers not to raise their hand n to stay calm n non-violent. U shud be prepared to lay down ur life but never raise hand,NAG
I expect more responsible behaviour from some sections of media rather than running mischievous and - stories against me,CAG
I have always maintained that God is my biggest security,NAG
Wud 2014 elections be fought betn AAP n Mukesh Ambani with Rahul and Modi being agents of Mukesh Ambani?,CAG
Complete fiction being planted in favor of modi. Aise to Modi ko vote nahi milne wale,CAG
Modi shud break his silence on gas pricing. Also what is his relation and his party's relation with Mukesh Ambani and Adani?,CAG
"Shakespeare said ""I cried when I had no shoes but stopped crying when I saw a man without legs."" LIFE is full http://fb_me/6z6LYQLFu",NAG
How Modi has dropped the mask of development for a nakedly communal & casteist campaign in UP: http://thehindu_com/opinion/op-ed/,OAG
Back in Thiruvananthapuram grassroots politics: campaigned for Congress candidate in by-election for Councillor in Karinkulam Panchayat,NAG
Managed a few sentences of Bangla to a large crowd near DumDum station then spoke through an interpreter. Encouraged by repeated applause,NAG
In the constituency facing the tragedies & blessings of life. Visited a bereaved family & mourned their loss then attended a joyous wedding,NAG
Just recorded an interview with @TheDailyShow on the elections for broadcast next week. You can catch it nightly in India on Comedy Central,NAG
"Mr Modi: ""entire communities shouldn't be tarred with the same brush of criminality"". http://thehindu_com/opinion/op-ed/in-search-of-a-home-away-from-home/article5979240_ece Humane analysis from @TheHindu",NAG
Sadly no party has a monopoly on virtue or culpability. Corruption is endemic in our society & must be eradicated. National challenge,NAG
Prayed to Lord Balaji to fulfill the wishes of crores of people to see Narendra Modi as PM,NAG
@gargankur (3) Become citizen-journalists & whistleblowers! Be self-disciplined take interest in issues especially devpt. #iForInitiate,NAG
@Jikkuvarghese I have mentioned this before - Whistleblower Protection Bill wil make RTI more meaningful. #iForInitiate @shailichopra,NAG
@gargankur People must start by participating in their immediate communities: cooperative housing societies their offices! #iForInitiate,NAG
Active citizenship means constantly alert about what is happening #iForInitiate. @gargankur @shailichopra,NAG
@kushalbhatt99 it's a 24/7 job. You have to represent your party & speak their official stance not your personal opinion. #iForInitiate,CAG
#Modi sacrificed his personal life and comfort in the service of the nation,NAG
Everybody should condemn #Azam khan for communalising the armed forces for politics,OAG
"#kejriwals silence on Congress and continuous tirade against Narendra #Modi proves that he has taken a ""Supari"" from #Congress",OAG
#slap a day is a drama orchestrated by #AAP itself. Its a publicity gimmick,OAG
Shameless justification of #rape by #Mulayam Singh Yadav for vote bank politics. EC must take suo-motto action,OAG
#kejriwals barb against the media proves once again that he is an urban maoist,OAG
Why does #AAP sympathieses with terrorists and naxals and on the issue of Kashmir it matches voice with that of Pakistan?,OAG
Why #Kejriwal took - oath in the name of his kids that he would neither take nor give support to Congress?,CAG
#AAP claimed consulting 4 lawyers on JanLokpal Bill. 3 of them denied having been asked any opinion. Now who will be punished for lying?,CAG
Mr Kejriwal: Resignation does not require 'threatening' but writing a resignation letter as simple as that! Whom are you threatening?,CAG
#Congress has no right to question #Modi about his personal life as they have always sacrificed nation's interest for their personal gains,OAG
Congress is appealing to Muslims to vote on communal and religious grounds. What kind of secularism is this?,OAG
Modi has proved his credibility with years of sacrifice and struggle and governance and performance,NAG
This is a worst kind of vote back politics. The EC should take suo motu cognisance of this and initiate proper action,OAG
There can be no differentiation between #terrorists or #terror organisations and each should be dealt with firmness,NAG
From Nautanki to Arm Chaired Politician seems Mrs Vadra has a problem defining me. Whatever I am have never lived off my family name,CAG
Why is the rail neer plant of Amethi which was announced in 2010-11 rail budget in this state today?,NAG
Stranger yet instead of an EC official checking a malfunction in EVM its the Congress candidate who is allowed to inspect the same,CAG
Greeting me in Umra the Gram Pradhan said that I was the first ever LS candidate to visit the village since Independence,NAG
For all those who thought its better to deal with a typing error than use this medium to get help. My apologies. Next time I'll spell check,CAG
Rahul Gandhi cannot provide electricity to 1350 villages in Amethi whereas all 18000 villages in Gujarat get 24x7 electricity. #AmethiFacts,CAG
On my way to file my nomination for Amethi with the blessings of Durga Ma and enthusisatic support from the constituency residents,NAG
With the blessings of Bholenath from the Mankamneshwar Mandir in Lucknow I begin my campaign for Amethi today,NAG
is this a way Congress want to make Rahul Gandhi win from Amethi? Attack on Kumar and AAP volunteers. Jaan de denge lekin jhukenge nahi!,OAG
Growth without inclusiveness is only a myth,NAG
@Riczb Don't ask such questions! Otherwise u will be held responsible for increasing traffic at Twitter & disturb who r living with dignity,OAG
Rahul Gandhi smiled & waved at me while his workers were assaulting #AAP supporters. A shameful contrast indeed!,OAG
Komalpreet not only gave me this letter she also handed over her piggybank in support of AAP. She's in class 4!,NAG
5 separate attacks on #AAP supporters by Congress men in Amethi. My agony at seeing pain of the injured in person,NAG
Shame on #BJP- Attack on @ankitlal by #BJPKeGundey in Varanasi. This is not done our freedom is at stake. https://pic_twitter_com/BdO5gcD5NO #AAP,OAG
@raghav_chadha yes they do for they over-sample urban upper caste well off voters. Hope pollsters have learnt their lesson this time,NAG
@taxindia #iForInnovate Can someone use technology to track expenses involved in each of Namo's rallies? Worth trying,CAG
@iforindiaorg @AnonAjay #iForInnovate The fault in Gurgaon was not just about booth management. Its abt local thugs and money power,OAG
@iforindiaorg @AnonAjay #iForInnovate Perhaps we should demand videography of all polling booths. Any smarter ideas?,NAG
@taxindia #iForInnovate Technology can aid but not replace political intelligence effort and will,NAG
@bahl_kanika #iForInnovate the whole point of politics is to take basic issues to a bigger platform. that's what he's doing,NAG
@drrakeshparikh Real problem is that new challenges like media manipulation has overtaken the old ones,NAG
@drrakeshparikh #iForInnovate I agree. Things are changing but we still have a long way to go,NAG
@iforindiaorg #iForInnovate Focus of innovation by EC should be on spotting rigging tracking use of money and identifying paid news,NAG
#AAP Rally in Ghasera is starting where I will be addressing about why we need to challenge sectarian politics,NAG
Requesting all volunteers & supporters to wear the #AAP topi proudly till you cast your vote. Show them you care,NAG
Missed Satyamev Jayate today. Hope people decide in favour of electing clean candidates when they have #AAP option http://satyamevjayate_in/Criminalization,NAG
Pad Yatra now moving through New Colony in #Gurgaon. Do show your support by joining it. #AAP,NAG
Want to see more people in #Gurgaon wearing #AAP caps. Click your pics in public places & share with me so I can RT show your support to all,NAG
My speech at #AAP rally in Ghasera on staying away from sectarian politics being promoted by Modi & #BJP in #Gurgaon,OAG
Very happy to note that there are residents of #Gurgaon who are concerned about its future. Together we can build a great vision. #AAP,NAG
Request volunteers to ensure traffic does not get blocked in any way and no one faces any inconvenience,NAG
And the jhadoo is what will sweep the corruption away this is what people expect from #AAP #AAPWaveInHaryana,NAG
Large crowd but even larger support because these people are here by choice seeking a change. #AAPWaveInHaryana #aap,NAG
Mr Jaitley suffers from a persecution complex which sprouts from his encyclopaedic ignorance about the electoral politics,OAG
Heart warming and enthusiastic response to my arrival in the sacred city of @Amritsar Image,NAG
It gives me a great feeling of peace and sense of pride for having deep spiritual and emotional bonding for this sacred city of GuruKiNagri,NAG
I experienced deeply spiritual and emotional moments while paying obeisance at #SriDarbarSahib,NAG
While Congress has been defaming Gujarat what have they done regarding recurring atrocities on minorities in Congress ruled Assam?,OAG
"Sharing a pic from ""Modi for PM Mission 272+ The role of Muslims"" program held at NDMC convention centre today",NAG
Holi Mubarak!! Wishing that this festival of colours & brotherhood brings peace & prosperity to our nation,NAG
Is the language used by Sh Salman Khurshid a reflection of the so called guidance being given to Congress leaders by Sh Rahul Gandhi?,CAG
Filthy words used 4 political opponent seems foreign education has taken away Indian values of 'Tehzeeb' & 'Tameez' frm Sh Salman Khurshid,CAG
The increase in voting % is a very positive signal for Indian democracy. People came out to elect a decisive leader & a stable govt,NAG
The way maoists spread anarchy in jungle areas AAP is trying to spread anarchy in urban areas,OAG
No matter what promises congress announces before polls people will vote for a #CongressMuktBharat,OAG
Today is the last chance to register as voter for upcoming LS elections. Dont miss your right to be a part of nation building process,NAG
Atal ji's vision was connectivity through Highways. @narendramodi will bring connectivity through Railways. #ModiMantra,NAG
Met representatives of All J & K National Youth Corps Association protesting at Jantar Mantar for better working conditions & secure future,NAG
My unstinted support to Mr Modi is to help unshackle my country from clutches of those who have kept it in bondage for own selfish ends,CAG
Varanasi will become a rare constituency where d prime campaigner is elected despite being denied 2 hold a rally 2 share his vision 4 d city,NAG
Vote for NaMo can mean coordinated development clear policies greater use of technology clarity delegation responsibility communication+,NAG
World of a diff betw RGandhi's interview & of @narendramodi. Appears NaMo has been PM for long! Destiny of India changing #ModiSpeakstoArnab,CAG
The Election Commission of India has made an unrecoverable and inexcusable error of judgement! What went wrong? Who goaded them to do so?,CAG
Did the Election Commission lack experienced law and order management inputs that it took an unrealistic decision of denying Modi his right?,CAG
If exit polls r right then this is a massive vote of confidence for @narendramodi and clear vote of rejection of congress and sickularists!,CAG
Fragmented polity will mean fragmented governance. To provide enabling infrastructure for all remember we are voting for stable central Govt,NAG
India will be as UP Votes! It can vote its caste! Or caste a vote & put faith in India First! Progressive UP means Prosperous India for ALL,NAG
In fact it might be a good idea to publish a indian political dictionary. Words which convey everything yet escape model code or the IPC?,CAG
Today's vote will decide whether we want a liveable India? Choice between those who want India to remain in campaign mode or stabilise+grow!,NAG
(India needs liberation from the past) @SadhguruJV: Spiritual process means moving towards your liberation no matter what your past has been,NAG
Clear verdict awaited! Is it a vote for development? Or personal faith or personal caste? - For direct leadership or remote controlled?,NAG
If India's destiny is destined to change @narendramodi has to b at d helm. When did v last c a pol-leader reach out to people so extensively,NAG
CAC member admits lapses? @timesofindia IB: There was no specific threat to Modi in Varanasi! Rally was denied on whose threat perception?,NAG
(How about gifting DiDi a dictionary?) @ndtvvideos: After Calling Modi 'Donkey' Mamata Now Calls Him 'Danga babu',OAG
"Shahzada says Modi is an ideology. I am proud to belong to an ideology where Nation is bigger than Party, where serving India is paramount.",CAG
"""Exit poll. congress ka dabba gol""",CAG
Modi wave even in Kargil and Drass,NAG
Bjp is busy in campaign congress busy in complain,OAG
Traditional and professional exploiters of Muslim votes are exposed. Muslim gathering at Tijara Alwar,CAG
Anger against corruption & congress visible among Muslims at Alwar rally,NAG
"Rahul's ""farewell road show"" is happening in the area where Modi ji was not allowed to hold a rally. one more biased conduct of Varanasi RO",OAG
Exploiting emotions in the name of the family was old political trick of congress formula of emotional exploitation is expired,OAG
"""Secular syndicate"" of congress converted into ""communal corporation""",OAG
Every day top congress leaders lie to the country. Congress has not collapsed politically but fallen to the lowest level ethically,OAG
"Kejari & co. is ""gentle face of Maoism"" and trying to hijack democracy through anarchy",OAG
Congress is putting nail of communalism in its Coffin of Corruption.,OAG
Secularism is being sacrificed at the alter of communalism it is certainly harming real secular sprit of nation,CAG
"Due to fear of defeat depressed congress is fighting election through ""PAWNS""",CAG
"Congress is afraid of facing elections and trying to field it's ""PAWN"" old habits die hard",CAG
If congress come to this low level then it should know that there are many skeletons under the fort of its misrule,OAG
Remaining two phases of poll is crucial in the light of past history of violence booth rigging. Election commission should deal strongly,NAG
If these skeletons of conspiracies and crimes come out congress will have a lot of embarrassment,OAG
Modi 'Raj' will be like 'Ram Rajya': Mukhtar Abbas Naqvi,NAG
Don't judge Muslims vote from Box office. Jai ho,NAG
MODI ji today's speech is touching marvellous and revolutionary. wade bhi hain iraade bhi hain,NAG
"Today's episode once agin proves they (kejri & company) are professional & traditional players of ""Hit and Run""",OAG
It's not an exit route but exposer route congress- kejari fixing exposed,CAG
"Shinde-salman statements congress friends suffering from ""defeat depression""",CAG
Politics and prayer together is wonderful. prayer purify politics. VANDAMATRAM,NAG
BJP and Narendra Modi is the truth of Indian democratic demography. love or hate but can't ignore,NAG
What AAP leader commented on Hazart imam Husain (AS) is not only objectionable but also hurt sentiment. AAP must apologise,OAG
PM's farewell statement nothing but compile copy of govt. Advertisements and defeat declaration before election,CAG
"Corruption company of congress converted into an ordinance factory ""every day new ordinance every hour new nonsense""",OAG
"Before 2009 elections ""money for vote"" now ""mirchi for vote"" before 2014 elections ""Money and mirchi"" scripted directed by congress",OAG
Differences aside we must always hold on to the great Indian spirit of brotherhood and common goal of a better India,NAG
Funny under the shadow of AmitShah Bokhiria Corruption Danga Encounter and Feku he accuses others of ABCD!,CAG
The Opposition claims that the UPA Govt has destroyed the Indian economy. The facts of our economy however destroy their every claim,OAG
Encouraging dialogue among our kids with Juhi Chawla and the Indo-Pak team of #ExchangeForChange in New Delhi,NAG
Minority status is about recognition not reservation. Benefits available are optional. Being Indian is about generosity not insecurity,NAG
Paralysis inside Parliament not in Policy. You will find proof of this in any economic indicator you pick! http://moneycontrol_com/video/politics,CAG
Take any economic indicator. You'll have to admit the UPAII is the best performing Govt in India's history. #Fact http://ibnlive_incom/videos/452646/,NAG
We have drafted the Communal Violence Bill very carefully. There is no provision in it which gives power to the Central Government,NAG
The killing of a former PM of India is an attack on the sovereignty of India - punishable to the max! There cannot be any other option,NAG
Most significant indicator of UPA Govt's economic policies is that we lifted 140m Indians above the poverty line wherever it may be drawn,NAG
The Salesman & The Showman. And why BJP must address proof of its own corruption before accusing others! https://kapilsibal_in/featured/,CAG
The rising intolerance and pluralism of our times warn that even a secular democracy is not immune to infections of destructive fascism,CAG
Appalled at Opposition leaders speaking of 'govt mistakes' and 'sensitive matters' instead of strongly condemning the release of terrorists!,OAG
"""Our children who do not carry the baggage of history will be our future ambassadors of peace"" - Indo-Pak #ExchangeForChange",NAG
In these times of great churn let's recommit ourselves to fight the poison of self interest; and to truly serve others. Om Namah Shivaya,NAG
Why can't cong control it's ministers a min giving amendments against his govt do you want to destroy hyd forever?,CAG
Amendments given by a cong min against the govt bill in rajya sabha madness to say the least who is conspiring?,CAG
Each Hindu couple should have five children: VHP http://toi_in/iALE6a so first rss leaders should start a marital life? but will they,CAG
In Ayodhya officials stall repairs to crumbling mosques - The Hindu http://thehindu_com/news/national/other-states/article5719801_ece Another eg of Mulayam SP communal mindset,OAG
Tomorrow high court will give decision today CP thane acts inshallah I will come to Mumbra Mumbai with permission as India belongs to me,NAG
@dna there are only 1 lakh D voters in Assam so r all Muslims in Assam bangdeshi Mr moozhi? More than 20% Muslims in Assam r proud indians,CAG
@iftikhargilani but the responsible AP police officers r not facing any inquiry suspension for wrongful confinement torture of Muslim youths,CAG
@RamaNewDelhi what would one call a person who builds his palace on a Muslim orphanage wakf land and mhs/tra govt does nothing to stop it,CAG
For those interested in a principled stand against ALL forms of communalism (Hindu Muslim Christian Sikh): http://dilipsimeon_blogspot_in/2014/02/nation,NAG
Tocqueville wrote in 1856: 'The most perilous moment for a bad government is when it seeks to mend its ways'. UPA2 can/will not even do that,CAG
How Mamata B's cultivation of radical Muslims is undermining West Bengal's 'long tradition of pluralism': http://scroll_in/article/,OAG
"Sarat Bose argued that ""Bengali Muslims Hindus Christians and Buddhists have [a] common mother tongue and are bound together"" (5/5)",NAG
"SP Mookerjee founder of the Jan Sangh was in March 1947 asking for a separate province ""comprising the Hindu majority areas in Bengal""(2/5)",NAG
On the other side Sarat Chandra Bose brother of Subhas Bose was in early 1947 leading the campaign for a United Bengal. (4/5),NAG
Is it fair to conclude from the PRS data that Somnath Chatterjee was a better Speaker than Meira Kumar or would be have been as helpless?,CAG
13% of the allocated time in the 14th Lok Sabha was wasted through disruptions; in the 15th Lok Sabha this shot up to 39%,NAG
The 14th Lok Sabha spent 1736 hours in discussion the 15th Lok Sabha a mere 1338 Hours,OAG
The National Human Rights Commission once led by great democrats like MN Venkatachalliah and JS Verma has become a toothless body (2/2),CAG
We shouldn't dismiss this just because it comes from the US: http://economictimes.indiatimes.com/news/politics-and-nation/significant-rights-abuses-by-indian-police-forces-us-report/articleshow/31129911.cms The human rights situation in India is serious (1/2),NAG
The PRS data clearly reveal a dramatic increase in rowdiness bad behaviour in the 15th as compared to the 14th Lok Sabha,OAG
Indian secularists condemn Hindu fundamentalism but not Muslim fundamentalism: @taslimanasreen to me: http://ibnlive_in_com/news/indian-secularists-are-too-selective-in-their-protests-taslima-nasrin/452677-40-100_html. 1030pm,OAG
A lot wrong with media but lets separate rotten eggs from ethical ones and make allegations only with proof and facts. Cheerio,NAG
Freedom of expression is like rape in India: @taslimanasreen http://ibnlive_in_com/videos/452876/,OAG
"Jamia Millia Chaupal on @face_the_people: ""come and talk to us Mr Modi"": say students. http://ibnlive_in_com/videos/454768/",NAG
Internet trolls are narcissistic sadist Machiavellian psychopathic in short really bad people: http://slate_com/articles/,OAG
Rape law maybe draconian but crimes against women draconian too. If educated damn a complainant's character what of those who know no better?,CAG
My mother and #Harvard taught me to work hard: #chidambaram,NAG
"Telangana chaupal from Hussain Sagar lake in Hyderabad: ""Division is over now lets get united!"" http://ibnlive_in_com/videos/",NAG
So @ArvindKejriwal says privatisation and businesses can create jobs. Do @medhanarmada and Prashant Bhushan agree?,CAG
Prashant Bhushan Hope now you know who you have aligned with !,CAG
Anarchy ! Anarchy ! Anarchy !,OAG
Today was the last day of the 15th Lok Sabha. This Lok Sabha has been a memorable one for me. We lost and we won,NAG
Will @SriSri Ravishankar campaign for a party? Who cn lead a better India? y r Saints inclined to Politics? Watch @ZeeNews 9:30 #AskSriSri,CAG
"I remember RG's advice: ""No personal allegations"" after manishankar's #Modi remark. Sr leaders r nt paying heed. it seems #SalmanKhurshid",OAG
As voters we must be aware. Parties Must Promise What They Can Deliver,NAG
C d blatant misuse of power Govt school showing congress flags n RG poster can the voters remain not influenced?,CAG
Booth no. 187 is being captured with help of police,NAG
25 cars r with Sri rahul gandhi roaming around the constituency in complete violation of code of conduct,OAG
No Vadra witch hunting -bjp No snoopgate probe - cong. Is this not MILI BHAGAT ?,CAG
Be ready to witness interesting n unexpected outbursts in BJP now. Other prime ministerial aspirants will speak up 2 bring the dirt in open,OAG
We demanded handing over of the constituency to central forces in writing on 29 04 2014 but DM office didn't forward the same to elec comm,NAG
Just now received a call from a friend in Varanasi confirming that what to say of Hindu or Muslim every1 is voting for @ArvindKejriwal,NAG
This election I traveled over 10000 kms by car 700 kms by train n over 1200 kms by air. Thx to AAP for helping me know my country better,NAG
Is bjp an intellectually bankrupt party that they resort to violence or abuses when get challenged in a debate?,OAG
Best of luck to all who believe in the dream of AAP ie building a governance model with AAM AADMI at its center. @ArvindKejriwal,NAG
Team work exhibited in amethi under the aegis of @DrKumarVishwas was phenomenal. I loved working with the team. Kumar is winning from here,NAG
Sh Jagat Raj DM Amethi n Returning officer for this election devoid of rational n logical answers wont entertain oral complaint at all,OAG
To avoid us venue of the scrutiny meeting was changed with no intimation to us. And on arrival v were told that complaints only in writing,CAG
Hope bjp-cong soon realize that politics where people r at the center of the governance will only survive,CAG
In amethi I learnt that players of traditional politics won't stop distributing liquor n cash 4 votes. @DrKumarVishwas started pure politics,OAG
If the plan of sri @narendramodi led bjp at all succeeds then crony capitalists will hv a free run in india's governance n thats dangerous!,OAG
I can see @nartc_b_468endramodi getting lot of airtime on Pak news channels as well!Is Pak scared? Or a propaganda. Unprecedented curiosity in Pak,CAG
Don't let anyone's ignorance hate drama or negativity stop you from being the best person you can be,NAG
Hafiz Saeed says @narendramodi dangerous for Muslims whereas he is serving Hindus in Pak. Good joke? http://youtu_be/FkqJ8_F56DY,CAG
Highest ever turnout of 66 38%recorded in this Lok Sabha poll; the last highest was 64 01%in 1984. It was for change say Exit Polls. @ZeeNews,NAG
Problem with bjp bhaktas. U ask their leaders qsns nd thy fill ur timeline with filth targetting ur family with lies ignoring crt orders :-),OAG
Those rejoicing over M Ansari spprt 2 cong or shia spprt to kejriwal forget now it hs bcme a Hindu Muslim election. Sureshot victory fr Modi,NAG
Modi wanted Ansari to spprt the Congress. He wanted Muslim 2 spprt cong nd kejri. Now vote split. Both playing according to his script,CAG
@smritiirani had no facts to defend BJPs targetting of Robert Vadra. None at all. The defence was rather weak nd defensive,OAG
@GargiRawat @ArvindKejriwal @attorneybharti this bharti nutcase ds not deserve to be in any political party. What a nutcase. Seriously,OAG
Deeply touched by your support for my show exposing Kejriwal. You are my strength. Thank you all,NAG
For all of you who have messaged me to repeat Aaj Ki Baat exposing Kejriwal's double face can watch it tonight on India TV at 10 pm,OAG
Arvind Kejariwal now wants to escape running the govt using dharna against police as an excuse with eyes on Lok Sabha elections,OAG
"Rahul Gandh asked Sheila Dixit: ""What is the reason of you defeat?"" She replied : ""AAP """,NAG
"By supporting AAP Congress is living up to its promise of ""Congress ka haat aam admi ke saath""",NAG
"""No one can stop Modi from becoming PM"" says Ramvilas Paswan prompted by son Chirag in Aap Ki Adalat tonight at 10 on India TV",NAG
Recorded Aap Ki Adalat in Mumbai with @rajthakre asked him all questions being raised about him he had the courage to face uneasy questions,NAG
@ajaymaken pls send Rahulji to Aap Ki Adalat. I will ask him questions being raised by Narendra Modi in public domain. He can come prepared,CAG
@ajaymaken I asked Modi every question raised by Sonia Rahul Manmohan & Anand Sharma do you think their questions are not good enough?,CAG
BJP and AAP should come together to elect Kiran Bedi as chief minister with a common minimum programme for governing Delhi,NAG
Amit Shah finally breaks his silence on 'snoop gate' and 'fake encounters' in Aap Ki Adalat tonight at 10 on India TV,NAG
Subsidy from tax payers money and freebies may be populist but it is bad economics,NAG
@dksardana @RajatSharmaLive: AAP MLA Vinod K Binny reveals Kejariwal involved in a secret deal with Congress to form govt In Aap Ki Adalat,OAG
Join united protest demo at Assam Bhawan against the massacre of Muslims in Bodoland tomorrow 7th May at 3 pm (AISA),NAG
One could argue that there is no democracy in India due to social injustice. But there is a pretense- even that is missing in Kashmir,CAG
Kashmiris have by and large boycotted polls. A certain %age has voted- as someone pointed out it's better than the 60% figures of 1996,NAG
Geelani's rhetoric is hard-hitting & spot on. What does democracy mean in an environment of total supression surveillance & censorship?,CAG
AG Noorani points out that the RAW chief Dulat would decide who will become CM. It's an open secret that J&K govt is a Union puppet,OAG
Labelling of voters as traitors is wrong. Onus is on advocates of boycott to communicate & convince- which has been done well this time,NAG
"Now the turncoat protagonists of ""Change"" have once again joined the older puppet parties whom they would badmouth every single day!",CAG
A five-yearly voting ritual after several rounds of killing of young dissidents continued army presence & AFSPA is not democracy,OAG
Many ppl ask me what the solution is. The first step toward any solution is a forthright admission of the problem by the govt. & not denial,NAG
Poll boycott itself won't lead to a solution but there are enough reasons for it. There isn't even a pretense of democracy in Kashmir!,CAG
Censorship of the press ban on SMS recurrent bans on the Internet ban on student politics & political organisation protests etc,CAG
"Some newbie parties in the meantime proclaimed ""Change"" but were supported by the IB. In fact one can't form a party in J&K without IB",CAG
The Indian state is deluding itself if it thinks of the sham polls as a substitute to a plebiscite. Since it does hence poll boycott,OAG
Poll boycott becomes justified since the state uses these sham polls to insist that Kashmiris don't want a political resolution!,OAG
Bonanza time ($$$) for all allies to support RSS-Adani PM candidate against BJP PM candidate,CAG
The injustice done to Kashmiri Pandits & Sikhs is reserved as justification for continued persecution of minorities in India; No real concern,OAG
"@indiapostlive I said I'd refrain from taking the ""posh street vs isolated street"" view; we need to reclaim ALL spaces including home",NAG
What about RSS not being banned despite involvement in various terrorist attacks and massacres riots? Why isn't it banned? @oneiros_p,OAG
What about mass acquittals in Dalit massacres? @oneiros_p,OAG
"Ok. After every poll India claims that Kashmiris have ""moved on"" because they voted- despite massacres rapes suppression! @gauravsabnis",OAG
But how to select a leader when genuine leadership is put in jails suppressed press censored people jailed for blogs? :) @gauravsabnis,CAG
"They pay with their sweat & blood unlike corporate funded Modi. RT @thecoolpahari ""@Shehla_Rashid how much your comrades paid for this?""",OAG
Indian Elections 2014 Live: All eyes on Modi vs Kejriwal fight in Varanasi as last phase of polling begins Monday http://ie_iexp_in/1mQdLLn,NAG
#Motherhood is not about reproduction. It is the power to create the #NextGeneration -Sg,NAG
It is painful to see how election rhetoric is turning into abuse. Let the leaders know that they are setting an example for the nation -Sg,NAG
@BJPRajnathSingh has proved himself to be a courageous committed and selfless leader and a statesman -Sg,NAG
The Internet makes all your best jokes a moment before you do,NAG
Shekhar Gupta's appeal for a less hyper-reactive media is powerful but is there a subtext in its timing & platform? http://openthemagazine_com/article/,NAG
Never seen a candidate's spouse projected as an asset to a campaign & a potential polit office: something so integral to US campaigns. (2/2),NAG
An obituary for the UPA that resonates with everything it has made us feel over 10 years. @ShivVisvanathan in Caravan http://caravanmagazine_in/perspectives/,CAG
"Hard to get more ridiculous than this: ""To see concerted action by intellectuals trying to stop the BJP one would have to go overseas""",CAG
"@nilanjanaroy Nila if the ""decline in artistic freedoms over the last 20 years is the result of bad laws"" why did it begin 20 years ago?",CAG
In a democracy people must set the agenda and have a say. People must become active participants not passive recepients of policy making,NAG
Nations progress must be measured not by GDP alone but by Human Development Index in which empowerment of women is most important yardstick,NAG
Why the suspension of those 67 Kashmiri students who cheered Pakistan is revoked. They should be rusticated and sent back to Kashmir,OAG
Shame instead of appreciating Amir the great grand son of Maulana Azad for highlighting the real issues some sick people are abusing him,CAG
@Asgarnisar shame on you that you are standing by those who were celebrating Indian team's defeat. They are traitors,OAG
@imanupamskl admiring a good player or a good team is understandable but feeling happy that your own country has lost is not acceptable,NAG
@AmarSharmaa let's not fool ourselves. It wasn't appreciation of good cricket but an anti national statement. This is not acceptable,OAG
@DebChatterjee I believe that the partition of India was one of the biggest blunders committed in human history,NAG
Modi in his Arnab interview ducks Snoopgate and the question of whether BJP and RSS folks were involved in 2002 killings,CAG
Modi tied himself in knots on why BJP manifesto speaks of 'persecuted Hindus' and not persecuted Indians suggesting all Indians are Hindus!,CAG
A new Stanford Law School study says the 2002 riots conviction rate is much much lower than the national average,NAG
The argument that Modi would be constrained by his allies or India's institutions is flawed. My piece for Al-Jazeera,NAG
In intrvw Modi ducked Q on why he used caste dropped claim that 'neech' referred to 'low caste' said PriGa the one using 'neech rajniti',OAG
Let ending this practice be the priority of the new govt whether Modi or no Modi: India tops in open defecation - http://thehindu.com/news/national/,NAG
The BJP has tied itself in knots over its desire to give 'Hindus' first claim over India: http://wp_me/p4twrY-A9 [Replug],CAG
@ArjKadya @Bharat_Untold Life's not black and white. Politics doesn't come in the way of a civilised chat. My friends and I don't allow it,NAG
Seen so many elections in India quite closely. Never saw such a partisan media ever. And its true for electronic as well as print media,OAG
Sad that my city Meerut saw communal violence on May 10 a day when sepoys rose in revolt in Meerut Cant in 1857. Terrible shift in profile,NAG
Most of the reports on channels have been like PR exercises for a political party or an individual. Most Newspapers r like pamphlets. SAD,OAG
Rabindranath Tagore was born today in 1861. A true internationalist. Possibly the only one who wrote national anthems for 2 countries,NAG
How Arvind Kejriwal survived the BJP's psychological warfare in Varanasi writes @rahulpandita http://thehindu.com/opinion/op-ed/,NAG
"""If you think education is expensive try ignorance.""",NAG
Anger against d govt was expected given its poor record n anti-corruption campaign from Anna days. Political parties used it as expected,NAG
Spurious history and a hostile public turn near stateless people into scapegoats at the time of elections http://thehindu.com/opinion/op-ed/,NAG
That looks quite possible rt @calamur: I predict a major drop in twitter traffic website traffic and tv ratings in 9 days,NAG
Now that voting is going to conclude verdict 2014 must be respected by all concerned in humility and in most democratic peaceful fashion,NAG
amazing to see how everyone draws huge crowd in Varanasi!!! time for pol activists to shift from Jantar Mantar/Ram lila maidan to Varanasi?,NAG
Rahul Gandhi is that man who can make even a winning candidate lose,CAG
Kejriwal and Ajai Rai fighting with each other on who has a real fight with Modi. Please know Modi's real fight is with morons,CAG
Okay Intellectual Mafia time to leave India or going to Pakistan as you had vowed. Don't break the promise,CAG
Vinod Mehta is still saying that BJP must be very disappointed. Some defence from an intellectual friend of congress,CAG
Kejriwal has consolidated his support base and it is the exact no of people who came to Benares to support him. That's it. What's your guess?,NAG
Counting will take place on 16th May but today we already have undisputed winners and they are the people of India! http://nm4_in/1nzxTVU,NAG
My analysis- AAP is getting 5 seats in Punjab if not more. The second freedom struggle of India will also be lead by Punjab,NAG
Amazing astonishing breathtaking mind-blowing startling stunning stupendous are mild words to describe AK's road show #HistoryInTheMaking,NAG
The weather gods are also supporting AAP. Today's road show is going to be legendary. Pls join us at Malvika Gate Lanka 3pm onwards,NAG
Guys what's the funniest moment of LS2014? I'd say- EC asking Modi's Govt. to a file an FIR against Modi. If anything more hilarious pls share,NAG
Adani Vadra Snoopgate Moin Qureshi Ambani Gas Pricing- all exposed by AAP & it's members. BJP Cong just using these for political mileage,CAG
BJP is against the idea of India. Idea of India which comprises of peace prosperity democracy inclusiveness respect for all communities,OAG
Lunatic inhuman BJP goons have physically assaulted Ankit Lal & Nandan Misra (AAP members) while they were campaigning in Durgakund Varanasi,OAG
Mr Jaitley opposes enquiry of Snoopgate but has forgotten ruckus created by BJP in parliament over his phone-tapping issue. Double Standards?,CAG
Mr Modi has with help of Media duped EC in each polling phase-from issuance of manifesto on 1st polling day TO appeal to voter's on last day,OAG
Both of them rushed to Swami Vivekanand hospital. BJP showing real face- a bunch of uncivilised felonious criminal psychopaths,OAG
Dear Varanasi You've power to end corrupt communal politics & bring patriotic http://politics. Vote for @ArvindKejriwal Sincerely India,NAG
@sahiljoshii Nice joke I heard interviewer to lady : what is modiji's first name lady anwers : abkibar,NAG
@SreenivasanJain @TruthvsHype Modi's campaign shud be a case study in B-Schools to teach students how to sell an inferior product to masses,CAG
Two Shankaracharyas to campaign against Narendra Modi in Varanasi http://m_economictimes_com/articleshow/34,NAG
RT @Jadui_Jhaadu: How AAP has gone beyond Modi vs Muslims in Varanasi http://scroll_in/article/663834,NAG
Well said @SushilModi ji. You hit the nail on its head- pseudo secularists have thrived playing the communal card.,CAG
Bait for votes or wage for work? Every norm thrown out: the story of NREGA a scheme in the name of the Mahatma. http://epaper_indianexpress_com/269895/,NAG
Priyanka Vadra ill-advised in saying 'neech'- ref @narendramodi Insulting! Amethi candidate remains in the periphery. Congress desperate?,NAG
The outpouring all around on the 'daughter' comment by @narendramodi is a classic example of 'Chinese whispers.' Misplaced emotion & energy,OAG
The Congress is at sea. It is confused about its leader & about the message it is sending out during this election. http://asianage_com/columnists/,OAG
7/n A controversy uncalled for resulting in unnecessary bitterness. There are other newsworthy concerns during election time. @narendramodi,NAG
"It was providential no doubt! @narendramodi ""It was the blessings of Lord Krishna that a son who travelled from Dwarka was saved that day.""",NAG
@hardknock17 Our assessments are honest. For me it is time to vote & continue with election campaign work. Time for assessment is later,NAG
Will Sonia Gandhi step down as President of #Congress party after this massive massive defeat?,CAG
The only other trend exit polls have got right is #AAP's irrelevance in #India's politics,CAG
@ahlade @Panda_Jay No. The state has no business getting into people's bedrooms,NAG
@aajtak exit poll for Karnataka is incorrect. Congress gaining seats despite drop in voteshare and BJP losing seats while gaining voteshare?,CAG
@sisir_gupta @centerofright Hit where it hurts! :),NAG
Congress party has reduced themselves to a crony complainant: Shri @rsprasad_bjp - LIVE at http://yuva4india_tv #AbkiBaar300Paar,CAG
Festival of democracy has just concluded with end of last phase of polling. Do share your views about coverage on http://yuva4indiatv,NAG
You can't flaunt your inheritance & keep talking about what your forefathers did years ago: Shri @rsprasad_bjp - http://yuva4india_tv,CAG
Am sure @narendramodi is a v_worried man after AAP supporters substantially outnumbrd his rally of paid supporters!,CAG
Electrifying atmosphere in @ArvindKejriwal road show in Varanasi! #AAPWaveInKashi,NAG
One of our women volunteers has been harassed and assaulted by BJP workers outside Shanti Shiksha Niketan Newada #shameful,OAG
Seems that @arunjaitley couldn't last out in the Varanasi sun! So writing a blog is easier than sitting on dharna! #BJPDrama #AAPKranti,CAG
Booth agents of @AamAadmiParty not being allowed to enter polling booths many who've entered are being threatened and removed. Democracy?,OAG
@anushkaseth1: AAP Button not working in 21 EVM's in Banaras. Well done Election Commission,CAG
Just curious - are the BJP leaders sitting on dharna going to be called anarchists? #BJPDrama #AAPKranti,CAG
BJP workers attack @AamAadmiParty auto slap driver manhandle volunteers @Lanka (Varanasi). Is this how BJP protests? #BJPDrama #AAPKranti,OAG
@VishalDadlani: Serious problems in the polling booths. Am beginning to suspect collusion of the administration,CAG
Insightful piece by @Reenaguptamehta on how rigging in Gurgaon raises fundamental Qs on Indian democracy http://kafila.org/2014/05/07/universal-adult-francise-a-reality-check-reena-gupta/ #AAPKranti,NAG
@sagarTweeting We also need to make the police more accountable to the people; making them protect rather than oppress #NextGovIndia,NAG
@del_irani Biggest hurdle to reducing corruption is funding of elections by black money and corporate funds #NextGovIndia,NAG
@del_irani Many more public insttns of higher education like IITs AIIMS - so that rich and poor have access to high quality higher edu,NAG
@del_irani (3) Most imp is to devolve power to Gram & Mohalla Sabhas to ensure ppl take their own decisions. #NextGovIndia,NAG
@del_irani (2) Need to hv Grievance redressal mechnsms Citizens charters to ensure public services work without corruption #NextGovIndia,NAG
@knackofflying @del_irani Need to making funding transparent. Parties shud declare where every penny of their funds come frm #NextGovIndia,NAG
@paritosh2608 @JasmeetSahi @del_irani How can we trust BJP on women's security after Snoopgate? #NextGovIndia,CAG
@punit134 @fanssay @del_irani @aplusindia With Lokpal NaMo wont be able to repay the invstmnt Ambani-Adani have made in his campaign!,CAG
Having good govt schools wud address gender imbalance as girls wud get access to high quality education,NAG
Absolutely. Our manifesto extensively talks of women's rights security education livelihood,NAG
Agreed. There is a need to focus on reviving the rural economy #NextGovIndia,NAG
And this road show is without Kejriwal. Modi losing. despite best efforts of Media,CAG
If Modi wants to discuss vision of India he should accept Kejariwal's invitation for open debate. World should know whose vision is better!,NAG
Now world knows who is à¤­à¤—à¥‹à¤¡à¤¼à¤¾ . Poor Jaitley did not know it's so hot in Kashi he ran away,OAG
Jaitley is insulting JP by saying he learnt satyagraha from JP. JP was a fighter never ran away from heat the way Jaitley did today,CAG
Kashi has just seen a nautanki a farce by Arun Jaitley and Amit Shah. They could not bear heat of Varanasi,OAG
Local intelligence has just told me Jaitley is sitting in TV Today OB van to avoid heat. Mr Jaitley has realised not easy to be anarchist,CAG
BJP is spreading lies. It's not EC who denied permission for Ganga Aarti but Pandas refused to do Ganga Aarti for Modi,OAG
Arun Jaitley is learning fast from Arvind Kejariwal. He will sit on dharna at BHU and will become an anarchist and do satyagraha. Great,CAG
Modi believes in planted interviews with planted reporters-editors to avoid tough questions.To face tough questions one needs Open mind,OAG
Media has lost its credibility. It was not sold like this ever. I wish Prabhash Joshi was alive,OAG
I hope Jaitley sits on dharna whole day under the sun without AC and Cooler not just for few minutes in the morning when sun is week,CAG
Good morning. How come Modi be allowed to hold a press conference with party symbol on voting day. violation of EC guideline. Will EC react?,CAG
IB report is confidential. Who has leaked report to Jaitley? Or it's just one of those of Jaitley things !! Of Which he is master !!,CAG
History will record how Arvind fought Take over of democracy by fascism fascist leader fascist party when others surrendered including media,OAG
BJP released manifesto on polling day. Modi did road show on other polling day and now PC with party symbol today. will EC react?,CAG
History will also record the cowardice of intellectual class and progressive forces before fascism,OAG
Those who thought and bragged it would be walkover for Modi in Varanasi would regret later why they said so,CAG
There are reports of large scale malpractices in Amethi during polling . Locals are openly saying EC seems to be non existent,CAG
Attack on AAP volunteers by BJP goons can't intimidate us but it's sad to see administration in Varanasi keeping quite,OAG
These are organised attack fascist in nature. Modi wants a violent India,OAG
Good morning. It's mother of all battles in Varanasi. And we will win. God is with us with truth and with justice,NAG
In Varanasi it's fight against money power muscle power media power & ills of elections for which AAP is committed to fight & root out,NAG
India TV's allegiance with Modi is known. Was attack on Bharti pre planned? When their camera was rolling why they are refusing footage?,CAG
Times Now asking resignation of Shazia. Does Arnab has guts to ask resignation of Modi on Snoop Gate?,CAG
Bharti was chased with knives his driver was beaten wind screens of car was broken. Thanks chaube for saving him,OAG
Attack on Bharti should be condemned by all political parties. And all saner elements should in one voice oppose fascism of Modi,OAG
This man says politicians have looted country in the name of caste and religion. He will vote for AAP,OAG
Will Arnab ask Modi how much black money has been spent on campaigning and who is finding !!! He will not !!! I know why !!!,CAG
Shah wants revenge. Giriraj sends modi critics Pakistan. Jyotsna MLA wants AAP volunteers thrown out. Togadia venom Ag Muslims. Fascist BJP,OAG
Action taken against Jaswant and Adwani for Jinnah statements but no action against Giriraj singh and Togadia because that is RSS ideology,CAG
Modi is a caste name. BJP campaign Ab Ki Bar Modi Sarkar' has castist overtone as per EC guidelines. EC should ban this,OAG
India TV is showing a fraud letter claiming written by Arvind to Afjal Ansari. There is No such letter. Channel's figment of imagination,OAG
Just held press conference in Jalna Maharashtra. And demanded proper investigation in fraud letter story,NAG
Varanasi Bjp MLA jyotsna Sriwastawa wants AAP volunteers to be thrown out from homes in front of Amit Shah. Does BJP endorse?,OAG
Togadia and Giriraj Singh are the true face of RSS proves that RSS is anti Muslim organisation and fascist,OAG
Modi is second most disliked person in the world in Time Magzine survey reported by Hindustan paper,NAG
Kejariwal most popular personality in the world and Modi is 14th in Time Magzine list till Saturday reported by Hindustan paper today,NAG
Narendra Modi gets more NO votes than Justin Bieber in TIME poll,CAG
Some Media reports have claimed that AAP is willing to support third front. There is no question of supporting any front or coalition,NAG
AAP condemns violence attack by Naxals in Gadchiroli Maharashtra. Any form of violence can never be solution for any problem,NAG
Reliance threatening friendly government says it is unhappy with even $8.4 as gas price. Demands higher price. http://aamaadmiparty_org/,NAG
RT @ArvindKejriwal: Media will spread rumors against us at the last moment. I urge people not to believe media. Most of them r sold out,OAG
I have great respect for her but I wonder where did Mamata Didi's Mamata go? She put water on hopes of people & is doing just what Left did,CAG
Arvind Kejriwal had met Swami Avimukteshwaranand to get his blessings!,NAG
They did not even spare my Mother. Congress should know defeat come & go but why stoop to such lows: Narendra Modi,OAG
Bharat Mata is my Mother and the people of India are my family. There is no caste or creed. I have believed in this always: Narendra Modi,NAG
I will urge voters in Kashi that people vote in large numbers and the polling is peaceful: Narendra Modi,NAG
Now Congress does not talk of themselves or anyone but they talk about Gujarat. Elections are not in Gujarat. its LS elections: Modi ji,CAG
Swami Vivekananda did a Bharat Parikrama and this gave him lot of strength. Mahatma Gandhi travelled across India to understand India: Modiji,NAG
You stooped so low that you made remarks on my caste. So much as you fear being out of power: Narendra Modi,CAG
Received guidance of Party leaders. We draw great strength from their experience & wisdom: Narendra Modi,NAG
For Congress and UPA these elections were joke. Their attitude has been non serious right from Day 1: Narendra Modi,OAG
Fatigue may have set in the AC rooms in Delhi but not among the people. Turnout in the last phase illustrates that: Narendra Modi,NAG
Despite Congress negativity we continued to remain on our agenda of development and good governance: Narendra Modi,OAG
UPA's policies are such that each and every citizen of India is unhappy. They have looted everything: Narendra Modi in Deoria,OAG
Then they started throwing dirt on me. They went to see whether I sold tea or not. They mocked & insulted me: Narendra Modi,OAG
There are people sitting in AC rooms who say people are fatigued. I want to tell them - have seen the enthusiasm today itself in UP Bihar,CAG
I thank EC & entire election staff for their efforts in conducting 2014 Elections: Narendra Modi on his Blog http://narendramodi.in/,NAG
AAP is driven by lies & melodrama. Youth in Amritsar was shocked to learn a few truths about plain white lies spread by #AAPKeSharabi,OAG
#ADecadeOfGrowth in rape sexual assault and molestation cases and Fall in Women's Safety measures. Bahut Hua Atyachar #AbkiBaarModiSarkar,OAG
Out of personal exp can say AAP workers incl elected ones are the most uncouth & disrespectful ppl to enter politics #AAPKeSharabi,OAG
The lack of focus on Sonia & Damad by #AAPKeSharabi is a warning that a vote for AAP is a vote for Congress #AAPCON,CAG
Suprabhat! Looking at some Official AAP tweets & the blatant LIE mongering to fool the public for votes. EC ko complain karna banta hai!,CAG
"Amethi's chance to prove this right ""Dynasty Ends At Its Weakest Link"". Vote for Vikas Vote for a Better Future Vote for @smritiirani",CAG
True RT @minhazmerchant: Those projecting this election as Modi vs Priyanka have feudal pebbles in their cerebrum instead of neurons,OAG
On Aaj Tak's Panchayat Sanjay Singh of AAP made a connotation that people of Benaras/Varanasi/Kashi are dangayiyee or Rioters in English,OAG
Nifty crosses 7000 Mark for the first time. Achhe din aane waale hain? ;-),CAG
Massive crowds descend as Rahul Gandhi's road show moves through the streets of Varanasi #KashikiRaiAjayRai,NAG
Only evasive answers from BJP on inflation - Shri Modi has no solutions to offer to tackle rise in fuel prices,CAG
The gravest crime after the '02 riots & encounters committed by Narendra Modi is the #SnoopGate. Glad Priyanka raised it. #PriyankaVsBJP,OAG
BJP tells Priyanka. 'there's no place for emotions in public life'. True. Modi's cold-blooded role in '02 riots is an example #PriyankaVsBJP,OAG
After Soniaji's scathing attack on Modi in Kushinagar BJP should consider changing its slogan to a more apt 'Oche din aane waale hain',OAG
Will Modi have the courage to answer questions on snatching 200000 acres of fertile land from farmers to allot to corporates?,OAG
Dear Mr @arunjaitley Is #SnoopGate a personal issue? If yes what was Modi's personal interest? Why was state machinery used?#PriyankaVsBJP,CAG
How can Narendra Modi be allowed to hold Ganga Aarti? Isn't use of religious symbols banned under the code of conduct?,CAG
Mamta should have avoided this donkey comparison. Why refer to someone who can't defend himself?,CAG
This election is finally boiling down to being a contest between hollow but aggressive packaging and rich but reticent content #Election2014,NAG
Priyanka Gandhi came across as sincere and bold today. She has upset BJP's plans by taking the bull by its horns #PriyankaVsBJP,NAG
'If you're a bird be an early bird And catch the worm for your breakfast plate. - but if you're a worm sleep late' Shel Silverstein,NAG
Any reason @ArvindKejriwal raised the issue of Adani-Ambani but stayed silent on land & incentives given to Ford Motors in Gujarat?,CAG
ONE TIGHT SLAP BY @sonaliranade: @minhazmerchant Now you are more witless than gutless. Take an aspirin or something & get well soon.,OAG
I'm glad she spoke about the debasement of political narrative by BJP. When facts are against you resort to abuse #PriyankaVsBJP,OAG
Rajnath says India should take Modicin pill for its ills. With @ashutosh83B brand of 'encounter with English' would it be ModiSin?,CAG
Dear @barugaru an SMS exchange is between the sender & receiver? Making it public is a desperate & undignified attempt to stay in limelight,OAG
Modi: After Rajiv Gandhi Desh has never given any Mazboot Sarkar. That means Atal led NDA Govt was not Mazboot and stable! #arnabwedsmodi,CAG
Smt Sonia Gandhi's pertinent question to Narendra Modi that even Vajpayee never insulted Rajiv Gandhi will put any Neta to shame! But Modi!,CAG
Someone from Varanasi told me what he heard at a kachori shop today. Ek poori Do Samosa Modi Tera Kya bharosa,CAG
@SushilModi- Ghanchi (Muslim) was included in the OBC during Congress rule NOT 'Modh Ghanchi'- Stop Faking #FakeOBCModi http://bcmbcmw.tn.gov.in/obc/,CAG
The BJP will win this elections not because people vote for them but against the Congress,NAG
How can such mindless killing happen in kokrajhar in this age & time? We are not even a developing nation,OAG
After CEC presser that outlines facts Mr Modi and BJP need to apologize to the CEC public media DM RO for their shameless conduct,CAG
"All exit polls say they are the ""most credible"". Incredible!",CAG
Mr Modi uses Ram Rajya in Faizabad Amit Shah brands Azamgarh as terrorist haven; for India these are ominous signs of divisive politics,OAG
Mr Modi gets even more desperate! Now that religious polarisation has boomeranged caste-card being played by him. Defeat stares in the face,CAG
#TeamCongress your support and fight for truth has been incredible. We changed the social media discourse. But our work is unfinished yet,NAG
"Modi Ji You are the epitome of ""neech rajniti""; the Gujarat massacres fake encounter killings SnoopGate corruption crony capitalism",OAG
It is now established beyond doubt; Mr Modi is not Prime Minister material at all; scores 0/10. That's why he has not quit as Gujarat CM,OAG
BJP's high-pitch negative propaganda (like the Tea Party in US) draws attention media controversy chatter. But people don't buy it,CAG
Mr Modi & BJP's brazen manipulation of us Indians media etc using frivolous stunts reveals arrogance fascism and ignorance combined,OAG
Methodology apart in multi-party contests given average size of 1.5 million per constituency predictions are tough. 16th May is D-Day!,NAG
